comment_text,sentiment
Sodow,neutral
Saya sukak lagu ini,neutral
Saya suka,neutral
"Tengah ambik feeling raya, keluarga tkde yg balik kampung.. Sye 4 beranak semua sakit dkt rumah.. laki pulak kt perantauan",positive
Selamat hari raya aidilhadha kepada semua warga negara semoga hatiÂ² dijalan raya ingat orang yang tersayang...HatiÂ² balik kg doa moga perjalanan kita selamat pergi selamat balik..moga lagu raya ni buat kita semua semangat raya berjumpa keluarga semua..Selamat hari raya aidilhadha.,negative
Selamat hari raya semua salam dari sabah,neutral
raya,neutral
"awal pagi takbir lagi,hidupkan lagu raya ni",neutral
"Raya haji 2025 pon kita onnn lagi malam raya buka lagu raya ..fuhhhh,selamat hari raya gengÂ² smua,salam dari anak kedah",neutral
â¤â¤â¤â¤,positive
Bestlah boleh menyejukkan hati,neutral
Tsk acir p,neutral
Sedapnya lagu ni ğŸ˜ŠğŸ˜ŠğŸ˜ŠğŸ˜ŠğŸ˜Šâ¤â¤â¤â¤,positive
Slmt raya tuk semua.maaf zhir btin,neutral
Selamat hari raya,neutral
ğŸ˜¶â€ğŸŒ«ï¸ğŸ˜¶â€ğŸŒ«ï¸ğŸ˜¶â€ğŸŒ«ï¸ğŸ˜¶â€ğŸŒ«ï¸ğŸ˜¶â€ğŸŒ«ï¸ğŸ˜¶â€ğŸŒ«ï¸ğŸ˜¶â€ğŸŒ«ï¸ğŸ˜¶â€ğŸŒ«ï¸ğŸ˜¶â€ğŸŒ«ï¸ğŸ˜¶â€ğŸŒ«ï¸,neutral
Mesti...laaa,neutral
nak raya niy,neutral
Fitri,neutral
"ust pesan sederhana , alhamdulillah nanti Allah tambah",neutral
"Playlist lagu raya terkini di Spotify:
https://open.spotify.com/playlist/6bTmBOty3kDzMWGVYGoo5t?si=A-_Jvpl0Q3W0Upue2HCYqw&pi=2_pYoC_vTFiOi",neutral
Raya haji yeahh â¤â¤ happy day ğŸ˜Š,positive
0:17 sghqfg,neutral
ğŸ‰ğŸ‰ğŸ‰ sangat bagus,positive
saya buat persembahan lagu ni,neutral
"Hari raya genap sudah sebulan berpuasa
Hari raya mari ramai- ramai kita gembira
Di hari raya kita saling bermaaf-maafan
Hari raya mari ramai-ramai jemput ke rumah

Sesudah sebulan kita berpuasa
Menahan lapar dan juga dahaga
Erti puasa memberikan kita
Nikmat sebenar hari aidilfitri

Hari raya genap sudah sebulan berpuasa
Hari raya mari ramai- ramai kita gembira
Di hari raya kita saling bermaaf-maafan
Hari raya mari ramai-ramai jemput ke rumah

Mari balik kampung
Jumpa ayah ibunda
Mari balik kampung
Kita rai lebaran

...

Hari raya
Genap sudah sebulan berpuasa
Hari raya
Mari ramai-ramai kita gembira
Di hari raya
Kita saling bermaaf-maafan
Hari raya
Mari ramai-ramai jemput ke rumah",neutral
Lagu ni memang bestğŸ‰,positive
0:01,neutral
Persembahan Hari Raya Esok Yey Guna Lagu Ni Cikgu Kata Sedap LaguğŸ˜ŠğŸ‰,positive
WOW,positive
2025ğŸ‰,positive
saya dah buat persembahan dah,neutral
Hhqhqojiâ¤ğŸ˜‡ğŸ™‹ğŸ˜»,positive
Saya suka Lagu ni,neutral
Sedih Bila dengar Lagu niğŸ˜¢,negative
Saya jumaat 3/5/2024ğŸ‰,positive
Sy Hari Khamis 2/5/2024,neutral
Besok kami dah persembahanğŸ˜Š,positive
Kena buat lakonan guna lagu ni yey,neutral
"ğŸ‘ğŸ•ŒğŸ™ğŸ¤²ğŸ•‹ğŸ§•ğŸ‘³Raya
ğŸ‘‡",neutral
à¸£à¸²à¸¢à¸­à¸™à¸µà¹‰à¹€à¸ˆà¸­à¸à¸±à¸™,neutral
Bahasa Thailandâ¤,positive
Saya lihat postingan I-DA pakai lagu kampung halamanku.,neutral
Salam dari Kota Tanjungbalai Provinsi Sumatera Utara Indonesia.,neutral
â¤ğŸ‰ğŸ˜ŠğŸ˜¢,positive
ğŸ˜ğŸ˜â¤â¤â¤â¤â¤â¤,positive
à¸˜à¸µà¸²à¸°à¸ à¸²â¤ğŸ˜‚ğŸ‰â¤â¤ğŸ‰â¤à¸µà¸±à¸”à¹‰à¹ˆà¸ à¸”à¹‰â¤,positive
à¸ªà¸¸à¸‚à¸ªà¸±à¸™à¸•à¹Œà¸§à¸±à¸™à¸£à¸²à¸¢à¸­à¸„à¸£à¸±à¸š à¸­à¸²à¹à¸šà¸£à¹Œ à¹€à¸à¹ˆà¸²à¸à¸¥à¸±à¸š,neutral
"à¸šà¹‰à¸²à¸™à¹€à¸˜à¸­à¸­à¸¢à¸¹à¹ˆà¸šà¹‰à¸²à¸™à¹€à¸à¹ˆà¸²à¸à¸±à¸šà¸­à¸¢à¸¹à¹ˆà¹„à¸«à¸™à¸«à¸£à¸­à¸²à¸°à¸µà¸²ğŸ˜Šâ¤â¤ğŸ‰ğŸ‰ğŸ‰ğŸ‰ğŸ˜®ğŸ˜® 1:16 1:17 1:18 1:18 ,*4à¸¿_&__&&&",positive
â¤â¤â¤â¤â¤â¤â¤â¤â¤â¤â¤â¤â¤â¤â¤â¤â¤â¤â¤â¤â¤â¤â¤ğŸ˜‚,positive
â¤â¤â¤â¤â¤â¤,positive
à¹€à¹€à¸šà¹€à¸à¸²à¸à¸±à¸šFC à¸™à¸°à¸„à¸°à¸Ÿà¸±à¸‡à¸—à¸¸à¸à¹€à¸à¸¥à¸‡à¹€à¸¥à¸¢à¸„à¹ˆà¸°à¸£à¹‰à¸­à¸‡à¸—à¸¸à¸à¸§à¸±à¸™à¹€à¸¥à¸¢à¸«à¸™à¸¹à¹€à¸„à¸¢à¹€à¸ˆà¸­à¸à¸µà¹ˆà¸šà¹ˆà¸­à¸¢à¹€à¸¥à¸¢à¸™à¸°à¸à¸µà¹ˆà¹€à¸£à¸µà¸¢à¸™à¹‚à¸£à¸‡à¹€à¸£à¸µà¸¢à¸™à¹€à¸”à¸µà¸¢à¸§à¸à¸±à¸šà¸à¸µà¹ˆà¸«à¸™à¸¹à¹‚à¸£à¸‡à¹€à¸£à¸µà¸¢à¸™à¸˜à¸£à¸£à¸¡à¸§à¸´à¸—à¸¢à¸²à¸¡à¸¹à¸¥à¸™à¸´à¸˜à¸´à¹‚à¸£à¸‡à¹€à¸£à¸µà¸¢à¸™à¸—à¸µà¹ˆà¸«à¸™à¸¹à¸—à¸µà¹ˆà¸«à¸™à¸¹à¸Šà¸·à¹ˆà¸­à¸®à¸²à¸Ÿà¸´à¸•à¸ªà¸´à¹€à¸”à¸°à¸„à¹ˆà¸°à¹€à¹€à¸šà¹€à¸à¸²à¸à¸±à¸šà¸«à¸™à¸¹à¸Šà¸·à¹ˆà¸­à¸™à¸²à¸”à¸²â¤ğŸ˜ŠğŸ‰,positive
â¤â¤,positive
â¤â¤â¤,positive
â¤â¤â¤â¤â¤à¸”.à¸Š.à¸­à¸²à¸¥à¸µà¸Ÿ     à¸­à¸²à¹à¸”2/2      5-à¸›à¸µ,positive
â¤â¤â¤â¤â¤â¤â¤â¤,positive
2:37,neutral
â¤â¤â¤â¤,positive
à¸šà¸­à¸°à¸šà¸­à¸°à¸šà¸­à¸°,neutral
â¤â¤â¤â¤â¤â¤â¤ğŸ‰ğŸ‰ğŸ‰ğŸ‰ğŸ‰ğŸ‰ğŸ‰ğŸ‰ğŸ‰ğŸ˜ŠğŸ˜ŠğŸ˜ŠğŸ˜ŠğŸ˜ŠğŸ˜ŠğŸ˜ŠğŸ˜Šà¸™à¸¹à¸£à¸­à¸±à¸¢à¸£à¸µà¸™,positive
Sumpah sedap sangat lagu ni aku rate inviniti ğŸ˜ŠğŸ˜Š,positive
Best lagu dato siti â¤,positive
SEHLAMAT RAYA EE AIDIL ADHA..ğŸ‰ğŸ˜‚â¤,positive
"Siti Nurhaliza is the best, cantik dan semua lagunya sangat enak didengar.",positive
Halo maaf telat,neutral
"Beratus Kali aku ulng tak bosan"" musik dia meyntuh kalbuğŸ˜¢",negative
Salam 25 Syawal 1446,neutral
2025 hadir,neutral
Hahaha,positive
â¤,positive
â™¥ï¸ğŸ’›ğŸ’šğŸ’™ğŸ’œğŸ¤ğŸ–¤ğŸ¤ğŸ’˜ğŸ’ğŸ’–ğŸ’—ğŸ’“ğŸ’ğŸ’•ğŸ’ŒğŸ’Ÿâ™¥ï¸â£ï¸â¤ï¸â€ğŸ©¹,positive
â¤ğŸ‰ğŸ˜¢,positive
Raya 17syawal 2025 dengar2 lagi kite geng â¤,positive
Datok siti nurhaliza best... salam dari Indonesia,positive
"Tanpa kita sedar org yg dalam video itu seperti pelakon2 dah tua semua , ğŸ˜ŠğŸ˜…",positive
Lagu raya lalar segar,neutral
"Salam 13 syawal 2025 from indon 
Lagu raya datok sangat memukau",neutral
Lagu raya sentiasa evergreen. Tahun ni sedih beraya tanpa ibu. Al Fatihah buat arwah ibu salina bt ismail,neutral
"dah nak masuk 3 series, lagu nie tetap jadi pilihan hati tiap kali syawal. ğŸ¤",neutral
Lirik lagu menceritakan suasana di hari raya yg indah dan terdapat nasihat untuk kita semua amalkan..al-fatihah untuk orng tuaku.semoga hari raya akan datang juga indah,neutral
Sangat sukeeeee lagu ini â¤â¤,positive
IBNU ARASY DZIKRULLAH ALLAHU AKBAR AL-DOA EXIST BEFORE END DAY OR DOOMSDAY AMIN YA RABBAL ALAMIN INSYA-ALLAH ALLAHU AKBAR,negative
"Syoklah yang masih punyai ibu bapa,ğŸ‘ˆğŸ˜ŸğŸ˜ŸğŸ˜Ÿ",negative
"Tengoklah tu anak anak yatim piatu, ğŸ‘ˆğŸ˜ŸğŸ˜Ÿ",negative
Saya!!!,neutral
"Pelakon HangTuah di Film Putri Gunung Ledang....sehat2 selalu Datuk Muhammad Nasir..Baarakallahufik
7 Juni 2025â¤",positive
2025 â¤â¤,positive
Siapa mendengar lagu ni 1/6/2025,neutral
"mkhluk no ,only God",negative
yg membuka pintu kebahagiaan ialah Allah,neutral
suara pujian pada yg Esa,neutral
ahlan wa sahlan ya Ramadan 1447 H / 2026 M,neutral
2025ğŸ˜¢â¤,positive
bang coba bikin mobil Van ğŸ‡®ğŸ‡© vs NIKE ZEBUA ğŸ‡ºğŸ‡¿,neutral
tiap kali buka lagu air mata laju keluar mana tak sedih arwah mak pergi bulan satu tahun ini tiap kali raya rumah saudara saudara hidang nasi dangang mesti teringat kat arwah mak dia teringin rasa makan yang kakak aku buat tak kesampainğŸ¥²,neutral
Tiap2 tahun nk kena komen siapa dgar tahun ni ka? Mesti la dengar. Lagu raya lama ni best selamanya. Semak betul mcm tak ada komen lain.,positive
Setiap tahun mesti cari lagu ni hinggalah sekarang 2025,neutral
SITI walau pun i tk berjoh dengan u i DOA kan Dari hati i uğŸ˜¢ dapat hidup bahagiya Dan jaga IBU u dan kirim Salam dengan Anja ğŸ˜¢â¤,negative
Selamat Hari Raya,neutral
Terbaik,neutral
"Like comment share & subscribe anda sangat membantu kami untuk hasilkan video yang lebih baik akan datang ! Thank you semua ğŸ™ğŸ»

Korang nak Medley apa pulak lepas ni? ğŸ¤” 
COMMENT CEPAT !!!",positive
br tahun nki tahu akan medley ni....rupanya da 3 tahun video ni,neutral
"dlm bykÂ² medley raya , ni yg paling sedap . susunan lagu terbaik , suara sedap , irama layan lentok . kalau boleh buat lagi medley mcmni yg panjang sikit , setengah jam pun ok dah . hahahaha",positive
masih setia mendengar 13/04/2025,neutral
Medley yg sedap didengar ğŸ‰ğŸ‰ğŸ‰ğŸ‰ğŸ‰,positive
Masih suka lagu melayu kalo lebaran. Walo darah mix minang jawa,neutral
Best improvisation for raya song ever 4:58  and 5:09,positive
Mantap... Suka,neutral
Balek Kampong idul Fitri 1446ğŸ‰,positive
Malam mantai 2025.. huhu..,neutral
"Saya orang indonesia, tapi tersentuh hati mendengar lagu ini. Selamat hari Raya",neutral
Suaranya bagusâ¤,positive
Terbaiklah ğŸ‰,positive
Hadir 2025.. Lagi berapa hari nk raya.. Medley yg terbaik dari masa awal2 terbit video ni smpai sekarang.. Suka suka suka ğŸ‘ğŸ‘ğŸ‘ğŸ‘,neutral
"Hadir 2025 , sumpah vibe medley korang dendangkan best sngat . Lagi2 semua lagu lama . Lurve â¤â¤â¤â¤â¤ selalu dengar dlm kereta",positive
"Hadir 2025 â¤ï¸ , mantappp semua power2 suara nyanyi",neutral
hadir 2025,neutral
"24 Mac 2025 repeat dengar.

2021 mula dengar.",neutral
Best...muzik tak bising sgt..sedap dgrâ¤,positive
"24hb/3/2025.. Ramadan, Sabah hadirâ¤ğŸ‰",positive
â¤Fireâ¤,positive
â¤â¤ğŸ‰ğŸ‰ğŸ˜Š,positive
2025 hadirğŸ¥¹,neutral
"Salam Aidilfitri, Selamat Hari Raya 2025ğŸ‰ğŸ‰ğŸ‰ğŸ‰",positive
Lagu raya yg simple tp best!! ğŸ«°ğŸ»,positive
rindu najwa latiff,neutral
Ada ketenangan bila dgr lagu ni...dah 2025..sapa setuju???,neutral
2:10,neutral
Selamat hari raya Aidilfitri maaf zahir dan batin 2025,neutral
The best modern raya song,positive
Happy hari raya,positive
selamat Hari raya jat â¤,positive
Raya tahun ni terasa sekejap je ğŸ˜¢ğŸ˜¢,negative
Heo mhoğŸ‚ğŸŠğŸ‰,positive
Dah 2025 sedap lg lagu ni,neutral
ğŸ’™ğŸ’™ğŸ’™ğŸ’™ğŸ’™ğŸ’™,positive
2025 masih Best lagu raya niâ¤,positive
ğŸˆ oyen nak wit raya,neutral
SEBAB TU TAKKAN MELAYU HILANG DIDUNIA...KITA ADA 9RAJA2 MELAYU SANA ADA 1RAJA...KENA BETULKAN BARU LAH SELAMAT LAN SEMUA NEGARA FAHAMAN...,neutral
"saya dari indonesia, dan sangat menyukai lagu hari raya versi malaysia dri dulu,",neutral
Oâ¬›â¬›â¬›â¬›â¬›â¬›â¬›â¬›â¬›â¬›â¬›â¬›â¬›,neutral
Oâ¬›â¬›â¬›â¬›ğŸŸ¨ğŸŸ¨ğŸŸ¨ğŸŸ¨,neutral
"Selamat lau rayak gak kelou seluruh pelusuk dunia..palestin mesti merdeka,salm dari anak melanau Mukah",neutral
Hal ini akhirnya tak,neutral
Selamat Hari Raya Aidiladha....â¤â¤â¤â¤â¤,positive
lagu raya,neutral
Saya jadi teringat dulu dulu waktu hari raya jadi rindu tapi tak pek lah dunia pasti kena tukar 2025 nanti 2026ğŸ˜¢ğŸ˜…,negative
"tak raya pun saya bukak lagu raya,ni tengah dengar lagu raya ni lah",neutral
â¤â¤â¤â¤,positive
Selamat hari raya Aidilfitri maaf zahir dan batin ok ğŸ‰,positive
Macam Sakai lagu,neutral
"Saya nak tau, ramai tak orang indonesia yang suka lagu Raya Malaysia? layan dari dulu sampai sekarang??",neutral
Selamat hari raya Aidilfitri maaf zahir batin,neutral
Esok raya!!,neutral
Lagu raya malaysia mmg terbaik..moment dah dekat 1 syawal terasa nuansa gembira dan haru..,neutral
besok rayaaaaa ğŸ‰,positive
"Tlg jgn ada ikln pjg sngt, x suka",neutral
Nak dgr lgu bukn nk dgr iklan pnjg2 stiap 3 min belari nk p skip iklan... Letih tau!!,neutral
esok dah rayağŸ‰,positive
Semoga aja aku ga sendiri komen kesini tahun ini,neutral
"Lebarannya baru dua bulan, udah mau lebaran lagi nih hatikuuğŸ˜‚",positive
â¤â¤â¤,positive
Saya dari 2045ğŸ˜‚ğŸ˜‚ğŸ˜‚,positive
Zaman nostalgia zaman kecik2 dulu2ğŸ¥°,positive
Saya dengar lagu raya ni teringat sesuatu ğŸ¥ºğŸ¥ºğŸ¥ºğŸ¥ºğŸ¥ºğŸ¥ºğŸ¥ºğŸ¥ºğŸ¥ºğŸ¥º,neutral
May 2025ğŸ˜…,positive
2025 anyone ?,neutral
Kesini kerana versinya upin ipin,neutral
Indonesia hadiiiirrr....elok nian lagu tetangga ini....suka...suka....sukaaa......ğŸ¥°ğŸ¥°ğŸ¥°,positive
Laguu dlu ga terkalahkan...,neutral
Pintar jua adik ziana zain,neutral
Lagu Raya Ni Lagi Sedap Dari Pade Lagu Sesuci Lebaran,neutral
Hadirin Hadirat.. Raia Raia Raia..ğŸ‰ğŸ˜‚â¤,positive
Ternyata dah 14thn yg lalu yaağŸ˜®,neutral
Love from India â¤,positive
Anyone 2080-2100,neutral
Saya sangaaattt suka sekali lagu ini â¤,positive
Tak ingat 6 jun lupa saya kehilangan dia uncle amir tak ingat saya,neutral
Lagu legend ğŸ˜Œ,positive
Siapa yg tak suka hari raya idul fitri?smua suke.. Nonmuslim pun ikut merayakan,neutral
cvdfâ¤ğŸ‰ 0:18,positive
#è”¡ä¹¦å†™æ–‡è¨€æ–‡ä¹¦é¢è¯­å¾—ä¸¾äººæ ¼ç‰©è‡´çŸ¥cantoneseoperaG5åˆ°å¾—å©šå®˜åˆè¯­6Politician2å›½ä¼šè®®å‘˜1åœ¨NS1,neutral
IBNU ARASY DZIKRULLAH ALLAHU AKBAR AL-DOA EXIST BEFORE END DAY OR DOOMSDAY AMIN YA RABBAL ALAMIN INSYA-ALLAH ALLAHU AKBAR,negative
How beautiful these women are ğŸ˜,positive
Slmt hri raya aidiladha 2025,neutral
Jgn mencarut blhtk,neutral
2026 ada yang dengar tak kalau ada like saya,positive
Suka tengok komen 2 kat sini ramai Chinese lndian pun suka lagu raya ni salam perpaduan â¤â¤â¤kita semua malaysians ğŸ˜ŠğŸ˜ŠğŸ˜ŠğŸ˜‚ğŸ˜‚ğŸ˜‚,positive
lagu paporit saya,neutral
"Oh No, Itâ€™s Raya Again
by De Fam (English Translation)

Oh no, oh no, oh no!
A month before Raya, just realized fasting starts tomorrow
Forgot to make intention, quickâ€”Google it
Time flies so fast
Suddenly itâ€™s the 24th night
Too late to buy flight tickets
Too late to rent a car
Oh no, oh no, oh no!

Oh no, itâ€™s Raya again
My cookies didnâ€™t turn out right
Rushing to weave ketupat
Rendangâ€™s burnt in the pan
Oh no, itâ€™s Raya again
Forgot to buy Raya clothes
Stuck in traffic on the way home
Looking right, looking leftâ€”
Still stuck!

Eh, eh, walking with a little swag
Trying to cook grandmaâ€™s rendang
Mamaâ€™s busy, the clothes arenâ€™t even ironedâ€”oh no!
Cookies got burnt, no one watched the oven
Dadâ€™s samping (Raya sarong) is already missing
Oh no, oh no, oh no!

Oh no, itâ€™s Raya again
My cookies didnâ€™t turn out right
Rushing to weave ketupat
Rendangâ€™s burnt in the pan
Oh no, itâ€™s Raya again
Forgot to buy Raya clothes
Stuck in traffic on the way home
Looking right, looking leftâ€”
Still stuck!

In the evening, everyoneâ€™s happy
But Iâ€™m the only one alone
Trying to check Instagram Stories
But the WiFiâ€™s so sloâ€”(ugh!)
When Raya finally comes...

Oh no, itâ€™s Raya again
My cookies didnâ€™t turn out right
Rushing to weave ketupat
Rendangâ€™s burnt in the pan
Oh no, itâ€™s Raya again
Forgot to buy Raya clothes
Stuck in traffic on the way home
Looking right, oh, looking leftâ€”
Still stuck!",negative
Ù…Ø±Ø­Ø¨Ù‹Ø§,neutral
Ranting (7000000000000)(900000),neutral
Kuih raya tak jadi2ğŸ˜‚beli je lah,negative
Alamak raya lagi ini nampak macam lain?,neutral
ğŸ‰ğŸ‰ğŸ‰ğŸ‰ğŸ‰ğŸ‰ğŸ‰ğŸ‰,positive
Lokasi :  Rimbun Dahan. Kuang.,neutral
Wâ¤,positive
â¤â¤â¤â¤.              ğŸ˜®(+_+),positive
"Lagu dan melodi ni memang comel sangat! Anak-anak De Fam pun semua nampak comel dan bertenaga ğŸ˜ğŸ’ƒ Memang seronok tengok mereka menari dan nyanyi, terus rasa mood Raya!",positive
esok 07/06/2025 dh raya haji masih dengar lagu niğŸ˜¢ğŸ˜¢ğŸ˜¢ rindu arwah abahğŸ˜­ğŸ˜­ btw harini harijadi sayaâ¤,negative
Raya Haji pun dengar ni Apak,neutral
harap apak bukak la bangle dengan rantai tu.,neutral
Sedap lagu ni siok d dengar,neutral
Raya Senang Hati..ğŸ‰ğŸ˜‚â¤,positive
Tetiba terdengar2 lagu ni... terus ke mari.,neutral
ğŸ˜®saya dengar,neutral
Lepas habis raya pun aku dengar sampai nk masuk raya haji dh nie ğŸ˜‚ğŸ˜‚ğŸ˜‚,positive
Raya dah Habis Masih tengok ğŸ˜†ğŸ˜Š,positive
Rindunya melhat mereka bersatu kembali,neutral
Masih lagi apak.,neutral
Tak sabar nk puasa tahun depan,neutral
habis raya ttp dgr trbaik 3.5.25,neutral
Masih dengar setiap tahun,neutral
tiap tiap hari aku main lagu ni berantu betull,neutral
Sedap lagu niğŸ˜…,positive
"Lagu ni dah berjaya masuk kategori lagu wajib dengar raya, sebaris lagu siti, aisyah dan m.nasir. Tahniah apak",neutral
syawal dah nk berlalu..moga jumpa lagi di thn hadapan..tahun ni tahun pertama raya tanpa ayahâ€¦ibu dah 8 tahun tinggalkn kami..,neutral
Plot twis last skliğŸ˜‚ğŸ˜‚,positive
Walau pon rock sngat tp memang dalam lagu ni,neutral
JANJI HAPPY HARI RAYA,positive
Beli kat shopee je kak senang je hehehehe tapi mahal.Saya beli baju raya harga 100.,neutral
Kenapa saya ga tau lagu ini lebaran kemarenğŸ˜¢,negative
Kesian nye abang zubirğŸ˜¢ tangan abang zubir kenapeğŸ˜¢ kesian nye tapi kita semua sukong abang zubikğŸ˜Š,negative
Yang pakai baju princess tu gedik,neutral
Sape dancer yg tinggi tu,neutral
GudjobğŸ˜Š,positive
"100 kali dah repeat, mmg raya tahun 2025 ni lagu iman yg ni laa memang melekat kat hati n otak huhuhu, minat chorus",neutral
selamat pagi yasalam rose merah serian sarwak ya allahu akhbar jumpatahun depan  semua   dua poluh dah sampai,neutral
selamat pagi yasalam rose merah serian sarwak sihat walafiat semua amiiiiiiiiin hanya kamu I think sokonglah fitri lagu untunkmu tenanghati mu terakhir untuk makluman semua amiiiiiiiiin sokongan dapat solat zohor semua amiiiiiiiiin hanya semanggat kehidupaanku memanglah minat yG indahnya ciptaan I think 2025rose will have the money for the first,neutral
Was like 34 tauğŸ‰,positive
Dalia is so cuteâ¤â¤â¤,positive
You forgot the,neutral
Comelnya semua ğŸ˜Š,positive
Byk nye lagu raya iman taun ni,neutral
Best la semua lagu iman,positive
best tapi part rap tu mcm tak perlu pun,positive
"Intro dah sedap giler
Tp chorus kureng sikit imo
Pape pun sy suka lagu ni ğŸ«°ğŸ»",neutral
"Sedap dngr rentak nya, klau buat lyrics lain tukar ke selamat pengantin baruğŸ¤­ pun sedap hehe",positive
lagu sampah.. boleh pakai dihutan2 utk halau gajah,neutral
Lagu nya bikin anakÂ² rantau sedih,neutral
"When I was young her I loved to listen this song, although Iâ€™m not Muslim, I was living in Singapore and a few neighbors listen this song certain times of the yearâ¤",positive
ğŸ‰ğŸ‰,positive
Lebaran udh lewst tapi anak saya masih aja nyanyiin lagu iniğŸ˜‚ğŸ˜‚ğŸ˜‚ğŸ˜‚,positive
Salam dari seremban n.sembilan Malaysia,neutral
ğŸ˜Š,positive
â¤ğŸ‰â¤ğŸ‰â¤â¤ğŸ‰â¤ğŸ‰ğŸ‰â¤ğŸ‰,positive
"We only have 1 day left before syawal ends, this is my last I would hear before bulan syawal leaves. We will see you again you in next yearğŸ˜­",negative
Dhvwj,neutral
hii,neutral
Wowwww â¤â¤â¤â¤,positive
saya buat persembahan,neutral
Selamat hari raya semua,neutral
Baru tahu ada lagu ini bagus bangett â¤â¤â¤,positive
â¤â¤â¤â¤â¤â¤â¤â¤â¤â¤â¤â¤ğŸ«…ğŸ«…ğŸ¤µâ€â™‚ï¸ğŸ¤µâ€â™‚ï¸ğŸ¤µâ€â™‚ï¸ğŸ¤µâ€â™€ï¸ğŸ¤´ğŸ¤´ğŸ¤µâ€â™€ï¸ğŸ¤µğŸ¤µâ€â™€ï¸,positive
â¤â¤â¤â¤â¤â¤â¤â¤â¤â¤â¤â¤â¤ğŸ˜‚ğŸ‰ğŸ‰ğŸ‰ğŸ‰ğŸ‰ğŸ‰,positive
Sedap lah lagu niğŸ˜‚,positive
ğŸ˜¢ğŸ˜¢ğŸ˜¢ğŸ˜¢,negative
Lagu ini dh lama tapi kok baru tau & sering dengar musik ini di tahun 2025,neutral
Saye nak buat pertandingan sebab tulah saye asyik dengar lagu nieğŸ˜ğŸ˜,positive
Selamat  lebaran ya    semoga  masuk  surgağŸ™ğŸ»ğŸ™ğŸ»â¤â¤â¤ğŸ˜Š,positive
HiiğŸ˜¢ğŸ˜¢ğŸ˜¢ğŸ˜¢ğŸ˜¢,negative
Ini udah Idul Adha,neutral
Wah idul adha hari ini rame banget ya ğŸ‘ğŸ‘ğŸ‘ğŸ‘ğŸ‘ bagus yang mau kurban saya pak rt,neutral
ğŸ”ªğŸ„ğŸ˜‡,positive
2 hari lagi akan hari raya tahun baru islamğŸ˜Š,positive
â¤â¤â¤â¤â¤â¤â¤â¤â¤â¤â¤â¤â¤â¤â¤â¤â¤â¤â¤â¤â¤â¤â¤â¤â¤â¤â¤â¤â¤â¤â¤â¤â¤â¤â¤â¤â¤â¤â¤â¤â¤,positive
Allahâ¤,positive
â¤,positive
Masyaallah,neutral
Dont do it in front of kids,neutral
Semoga lancar ya aamiin â¤â¤â¤â¤ğŸ˜Š,positive
ğŸ˜¢ğŸ˜¢ğŸ˜¢â¤â¤â¤ğŸ™,positive
cieeee kambing nya cium manğŸ—¿ğŸ—¿ğŸ’…ğŸ’…,neutral
Salah,neutral
ğŸ˜ŠğŸ˜ŠğŸ˜ŠğŸ˜ŠğŸ˜Š,positive
Ù…Ù† ÙŠØ´Ø§Ù‡Ø¯ Ù‡Ø°Ø§ ÙÙŠ Ø¹Ø§Ù… 2025ØŸ,neutral
â¤â¤â¤,positive
â¤â¤â¤â¤â¤â¤â¤â¤â¤,positive
Masallah ğŸ’•,positive
"First I heard this without seeing the visual, then I am surprised when I realised this song is performed by a male singer ğŸ˜‚",positive
GhsjhdkdjffjgkdsndjdjjdkeğŸ˜Šâ¤â¤jfgk GJ fj,positive
TUHAN MENGBERKATiğŸŒ™,neutral
Ustaz marah hang aku tak Tau la umat manusia hahahah,neutral
Nanti raya aidaha pula  kita kena koban lembu ğŸ‰,positive
0:45 sukalahhh,neutral
â¤â¤â¤â¤â¤â¤â¤â¤â¤â¤ğŸ˜˜ğŸ˜˜ğŸ˜˜ğŸ˜˜ğŸ˜˜ğŸ˜˜ğŸ˜˜ğŸ˜˜ğŸ˜˜ğŸ˜˜â¤ï¸â¤ï¸â¤ï¸â¤ï¸â¤ï¸â¤ï¸â¤ï¸â¤ï¸â¤ï¸â¤ï¸ğŸ˜˜ğŸ˜˜ğŸ˜˜ğŸ˜˜ğŸ˜˜ğŸ˜˜ğŸ˜˜ğŸ˜˜ğŸ˜˜ğŸ˜˜â¤ï¸â¤ï¸â¤ï¸â¤ï¸â¤ï¸â¤ï¸â¤ï¸â¤ï¸â¤ï¸â¤ï¸ğŸ˜˜ğŸ˜˜ğŸ˜˜ğŸ˜˜ğŸ˜˜ğŸ˜˜ğŸ˜˜ğŸ˜˜ğŸ˜˜ğŸ˜˜,positive
raya haji pulağŸ˜‚,positive
",n 9,6. .ljjjjlnmbnmmm b",neutral
Indonesia,neutral
DhjdjdjjdjdidjjdjhddhhdgydghğŸ˜®ususjğŸ˜®ğŸ˜®ğŸ˜ŠğŸ˜ŠğŸ˜ŠğŸ˜Šjs sln,positive
ğŸ§˜,neutral
Saya,neutral
Who is here for mwa??,neutral
Tak sangka lagu ni dari dollağŸ˜‚,positive
;]]]]]]]]]=,neutral
"Saya sukaâ¤â¤â¤â¤â¤
Selamat hari raya....
Let's.... Gooooâ¤",positive
dh 4 tahun eh? cept nya,neutral
Fav forever,positive
66,neutral
Lagu baru raya 2023 ğŸ˜˜ : https://youtu.be/A2idwSQRXZ4,positive
Rindu raya 2022 rindu budak Sabah,neutral
Raiyanâ¤you,neutral
Selamat hari raya aidiladhağŸ˜ŠğŸ˜Š,positive
Raya Aidiladha 2025 pada 07.06.2025 pun nak dekat,neutral
"g
ğŸ˜ŠğŸ˜ŠğŸ˜ŠğŸ˜ŠğŸ˜ŠğŸ˜ŠğŸ˜Š",positive
Aku sorang jeke tengok bulan mei sampai oktober??,neutral
2025ğŸ‰ğŸ‰ğŸ‰ğŸ‰ğŸ‰ğŸ‰ğŸ‰ğŸ‰ğŸ‰ğŸ‰ğŸ‰ğŸ‰ğŸ‰ğŸ‰ğŸ‰ğŸ‰ğŸ‰ğŸ‰ğŸ‰ğŸ‰ğŸ‰â¤â¤â¤â¤,positive
goog,neutral
Selamat hari raya kak,neutral
"Hari hari hari raya ,tiap tiap hari  duit banyak",neutral
Heestan Amiira i bartayâ¤,positive
Sape dengar april 2025 kat siniiiii,neutral
WOW!â¤â¤â¤â¤â¤â¤â¤â¤â¤â¤â¤ğŸ‰ğŸ‰ğŸ‰ğŸ‰ğŸ‰,positive
"lagu baru 2025 Amerika Syarikat di Santa Monica, LA",neutral
Lagu Luar biase,neutral
Pokoknya harus di Like komentar nya sama Love nih. Nak Malaysia keğŸ˜‹ğŸ¤­. Maaf kelewatan ğŸ¤­ hehe.,positive
Enak nih lagu nari sempurna ğŸ˜‹ğŸ‰,positive
Goyang-goyang guysğŸ˜‹,neutral
AsikğŸ˜‹,neutral
Lagu ni kalau iman troye xde memang pelik bukan xsdp tpi pelik lahh ğŸ˜…ğŸ˜… tapi memang mantapâ¤,positive
Sedap. LA. Lagu. Dato. Ni,neutral
suke sgt lagu ni..,neutral
Slmt hri raya Aidiladha â¤.,positive
Ya best tk jemu dengar lagu ni sebb best raya haji dh nk dekat boleh lah dengar lagu ni lagu ni kalau buat jj best ooo buat jj pakai lagu ni mesti best,positive
ğŸ˜‚ğŸ˜‚ Naim Daniel bertambah Gila dgn Janji Happy,positive
Tahniah Dato AS dan ImanğŸ˜‚â¤,positive
good,positive
SEDAPLAH LAGU IMAN TROYE SEMUA SUKA LAGU TAHUN NI,neutral
0:37,neutral
ğŸ‰ok sy suka gbungn dato n iman..trbk la,positive
Lagu kak ni sedap ye â¤â¤,positive
Raya a a yayayayay,neutral
ğŸ˜ŠğŸ˜…,positive
Lagu ni memang power gila ğŸ”¥ğŸ”¥ğŸ”¥ğŸ”¥ğŸ”¥ğŸ”¥ğŸ”¥ğŸ”¥ğŸ”¥ğŸ”¥ğŸ”¥ğŸ”¥ğŸ”¥ğŸ‘,negative
Berdengung,neutral
Alamak dah habis raya lepastu bulan jun hari raya korban/aidil adha,neutral
"mcm ni baru semangat nak dgr lagu raya dari dato aliff, harap takde lagi sotong sotong tu lagi..good job iman troye dan dato aliff",neutral
mcm vibe lagu bapak ngn anak ehhh,neutral
"comel btl iman ni, klau adik aku ni selalu aku nyakat..",neutral
Mimi da asia indosiarâ¤â¤â¤,positive
Where Chinese ethnic?,neutral
saya suka lagu awaâ¤â¤â¤ you ğŸ¥°,positive
I loğŸ‰â¤â¤,positive
Ada lagu lin ga guli guli wachağŸ˜‚ğŸ˜‚ğŸ˜‚,positive
We need a dance practise version ğŸ˜‚ hish tamak kan kitorang ni,positive
â¤â¤â¤â¤â¤â¤â¤ğŸ˜®ğŸ˜®ğŸ˜ğŸ˜ğŸ˜ğŸ˜ğŸ˜„ğŸ˜„ğŸ˜„ğŸ˜ƒğŸ˜€ğŸ˜†ğŸ˜†,positive
1:23,neutral
Ni bukan lagu raya tapi lagu pontianak harum sundal malam versi 2.0ğŸ˜‚,positive
â¤ğŸ˜Š,positive
You sis very sus,neutral
Sy dgr lagu ni di pagi hari raya Aidiladha 2025 M / 1446 H. Ada sesiapa geng yg sama dgn saya? ğŸ«¶ğŸ»ğŸ«¶ğŸ»ğŸ«¶ğŸ»,neutral
Airisâ¤â¤â¤â¤â¤â¤ğŸ‰ğŸ‰ğŸ‰ğŸ‰ğŸ‰,positive
selamat hari raya aidiladha,neutral
Keren bgt lho,neutral
14m siot!ğŸ˜‚,positive
ğŸ‘ğŸ’ğŸ’“,positive
Salam Aidiladha â¤,positive
"Siapa layan lagu ni pada Aidiladha 2025, kita gengğŸ˜…",positive
kam,neutral
"Terima kasih korang semua yang support lagu nie. Best kan hehehe. Ada ke yang kes mcm dalam lagu nie?ğŸ˜hehehehe. Btw puasa korang macam mana?tak lama dah nak raya. So korang dengar lagu nie dan layan lagu nie sampai raya okay, nanti Hari Raya pun korang pasang lagu nie juga okay. Teruskan mendengar dan menonton muzik video kasi trending no1 ya. Terima kasih semua.",positive
"Saya warga Batam, saya terkesan dengan ni lagu.. terimakaseh ya..",neutral
lsuk daranya agi,neutral
Aku orang Indonesia tapi jujur denger lagu malaysia seru banget,neutral
ğŸ˜˜ğŸ˜˜ğŸ˜˜,positive
"Ijin saya jadikan konten juga pakai sound ini untuk reels di akun saya, salam dari INDONESIA",neutral
Minat lepas tengok telemovie Tragedi Kuih Raya,neutral
asal baru tahu lagu ni,neutral
"Mmg nice lah lagu nih, Semua perkataan kat belakang tu huruf ""A"" Sebab tu nice dia lain mcm! Selamat Hari Raya!",positive
Ni sedap.. ngam2 soii..,neutral
Sapa yg masih layan raya 2025 angkat ibu jari,neutral
Comel nya saya suka sya suka.,neutral
terima kasih sgt2..ada pun lagu raya modern yg sedap di dgr..lagu lain sakit jiwa dgr nya..,neutral
thun nie knp x de keluar lagu nie kat suria fm,neutral
Lagu Raya ni Perli aq plk dh,neutral
"tahun 2024 lagu raya masih berpacaran ""raya di rumah dinda"" .. 2025 lagu raya dah kahwin  ""meriah lain macam"" .. yang dengar 2 tahun punya lagu raya masih single ğŸ™‚",positive
COLOR BLACK DAN ğŸ˜¢ğŸ˜¢,negative
Keren lagunya.. teringat susana raya di kampung masa kecil duluâ¤,positive
Best layan lagu ni. 2025 masih suka lagu ni ğŸ¥¹ğŸ¥¹,positive
terbaik lagu raya ni sy dgr berulang2 tak jemu,neutral
â¤Fireâ¤,positive
â¤â¤ğŸ‰ğŸ‰ğŸ˜Š,positive
2025 hadirğŸ¥¹,neutral
"Salam Aidilfitri, Selamat Hari Raya 2025ğŸ‰ğŸ‰ğŸ‰ğŸ‰",positive
Lagu raya yg simple tp best!! ğŸ«°ğŸ»,positive
rindu najwa latiff,neutral
Ada ketenangan bila dgr lagu ni...dah 2025..sapa setuju???,neutral
2:10,neutral
Selamat hari raya Aidilfitri maaf zahir dan batin 2025,neutral
The best modern raya song,positive
Semoga aja aku ga sendiri komen kesini tahun ini,neutral
"Lebarannya baru dua bulan, udah mau lebaran lagi nih hatikuuğŸ˜‚",positive
â¤â¤â¤,positive
Saya dari 2045ğŸ˜‚ğŸ˜‚ğŸ˜‚,positive
Zaman nostalgia zaman kecik2 dulu2ğŸ¥°,positive
Saya dengar lagu raya ni teringat sesuatu ğŸ¥ºğŸ¥ºğŸ¥ºğŸ¥ºğŸ¥ºğŸ¥ºğŸ¥ºğŸ¥ºğŸ¥ºğŸ¥º,neutral
May 2025ğŸ˜…,positive
2025 anyone ?,neutral
Kesini kerana versinya upin ipin,neutral
Indonesia hadiiiirrr....elok nian lagu tetangga ini....suka...suka....sukaaa......ğŸ¥°ğŸ¥°ğŸ¥°,positive
Sangat sukeeeee lagu ini â¤â¤,positive
IBNU ARASY DZIKRULLAH ALLAHU AKBAR AL-DOA EXIST BEFORE END DAY OR DOOMSDAY AMIN YA RABBAL ALAMIN INSYA-ALLAH ALLAHU AKBAR,negative
"Syoklah yang masih punyai ibu bapa,ğŸ‘ˆğŸ˜ŸğŸ˜ŸğŸ˜Ÿ",negative
"Tengoklah tu anak anak yatim piatu, ğŸ‘ˆğŸ˜ŸğŸ˜Ÿ",negative
Saya!!!,neutral
"Pelakon HangTuah di Film Putri Gunung Ledang....sehat2 selalu Datuk Muhammad Nasir..Baarakallahufik
7 Juni 2025â¤",positive
2025 â¤â¤,positive
Siapa mendengar lagu ni 1/6/2025,neutral
"mkhluk no ,only God",negative
yg membuka pintu kebahagiaan ialah Allah,neutral
IBNU ARASY DZIKRULLAH ALLAHU AKBAR AL-DOA EXIST BEFORE END DAY OR DOOMSDAY AMIN YA RABBAL ALAMIN INSYA-ALLAH ALLAHU AKBAR,negative
"Saya nk Tanya, artis yang pakai baju biru muda tu siapa ya.. Siapa tahu",neutral
Lagu yg x pernah gagal memberi vibe raya yg sbenar..dr kecik dok dgr lagu ni time raya,neutral
Nostalgia bila 2020 ğŸ˜‚,positive
Lagu ini   lagu yg paling aku suka  .. terima kaseh   boleh dgr lagi,neutral
ğŸ˜­ğŸ˜­ğŸ˜­â¤â¤,neutral
"Komen siap2
Siapa y dgr tahun 2026 hadirrrr",neutral
Pdbsbdh hhshiv bsgbhdhubhpdhbidqb bdhbdhbgubh,neutral
"8 years later, it is still a legendary song ğŸµ â¤",positive
"2025, 2026, 2027, 2028, 2029, 2030.",neutral
"SATU SATUNYA LAGU RAYA TANPA IKLAN
LIKE, SUBSCRIBE DAN SHARE",positive
https://www.youtube.com/playlist?list=PLocRKAlJpuuSZXhPiBwBra6Kt2mpm7Goi,neutral
"Raya haji radio tak rancak dengan lagu raya so datang sini la..nak ambik mood diağŸ˜Š
Salam Eidul Adha...1446",positive
Lagu raya kepulangan yang di nanti rakaman thn 1983 evergrin  ini antara lagu raya yang saya minati  ğŸ˜‚ğŸ˜ŠğŸ˜Š kpd peminat peminat lagu lagu raya semua slmt menyambut hari raya Aidil Adha kira beberapa hari lagi â¤ â¤,positive
Ambil mood raya haji pun nak dekat,neutral
Raya Aidiladha 2025 pada 07.06.2025 pun nak dekat,neutral
Harini 28/4/2025 @ 29 SYAWAL 1446 sape dah hujung SYAWAL masih layan lagu Raye ?,neutral
Selamat Hari Raya 26hb April 2025â¤ğŸ‰â¤syawal minggu terakhir,positive
23 syawal 1446,neutral
Best lagu2 rayanya.Selamat Hari Raya Aidilfitri kpd semua umat Islam.,positive
2025,neutral
Selamat hari raya Daiyan & team â¤,positive
ğŸ˜®ğŸ˜®ğŸ˜®ğŸ˜ŠğŸ˜ŠğŸ˜Šâ¤â¤â¤ğŸ‰ğŸ‰ğŸ‰,positive
https://www.youtube.com/watch?v=3c716zKVaik&t=7s,neutral
"Lagu Nya Sedap Sekali Seronok nya musik nyaaa pokok bagus sekali, sukses terus",neutral
"Baru saja ramadhan dan lebaran berlalu, sudah rindu â¤",positive
ğŸ¤”,neutral
2025 masih hadirâ¤,positive
Sedapnya laguğŸ˜Š,positive
Rt,neutral
IBNU ARASY DZIKRULLAH ALLAHU AKBAR AL-DOA EXIST BEFORE END DAY OR DOOMSDAY AMIN YA RABBAL ALAMIN INSYA-ALLAH ALLAHU AKBAR,negative
"Saya nk Tanya, artis yang pakai baju biru muda tu siapa ya.. Siapa tahu",neutral
Lagu yg x pernah gagal memberi vibe raya yg sbenar..dr kecik dok dgr lagu ni time raya,neutral
Nostalgia bila 2020 ğŸ˜‚,positive
Lagu ini   lagu yg paling aku suka  .. terima kaseh   boleh dgr lagi,neutral
ğŸ˜­ğŸ˜­ğŸ˜­â¤â¤,neutral
"Komen siap2
Siapa y dgr tahun 2026 hadirrrr",neutral
Pdbsbdh hhshiv bsgbhdhubhpdhbidqb bdhbdhbgubh,neutral
"8 years later, it is still a legendary song ğŸµ â¤",positive
"2025, 2026, 2027, 2028, 2029, 2030.",neutral
esok 07/06/2025 dh raya haji masih dengar lagu niğŸ˜¢ğŸ˜¢ğŸ˜¢ rindu arwah abahğŸ˜­ğŸ˜­ btw harini harijadi sayaâ¤,negative
Raya Haji pun dengar ni Apak,neutral
harap apak bukak la bangle dengan rantai tu.,neutral
Sedap lagu ni siok d dengar,neutral
Raya Senang Hati..ğŸ‰ğŸ˜‚â¤,positive
Tetiba terdengar2 lagu ni... terus ke mari.,neutral
ğŸ˜®saya dengar,neutral
Lepas habis raya pun aku dengar sampai nk masuk raya haji dh nie ğŸ˜‚ğŸ˜‚ğŸ˜‚,positive
Raya dah Habis Masih tengok ğŸ˜†ğŸ˜Š,positive
Rindunya melhat mereka bersatu kembali,neutral
"First I heard this without seeing the visual, then I am surprised when I realised this song is performed by a male singer ğŸ˜‚",positive
GhsjhdkdjffjgkdsndjdjjdkeğŸ˜Šâ¤â¤jfgk GJ fj,positive
TUHAN MENGBERKATiğŸŒ™,neutral
Ustaz marah hang aku tak Tau la umat manusia hahahah,neutral
Nanti raya aidaha pula  kita kena koban lembu ğŸ‰,positive
0:45 sukalahhh,neutral
â¤â¤â¤â¤â¤â¤â¤â¤â¤â¤ğŸ˜˜ğŸ˜˜ğŸ˜˜ğŸ˜˜ğŸ˜˜ğŸ˜˜ğŸ˜˜ğŸ˜˜ğŸ˜˜ğŸ˜˜â¤ï¸â¤ï¸â¤ï¸â¤ï¸â¤ï¸â¤ï¸â¤ï¸â¤ï¸â¤ï¸â¤ï¸ğŸ˜˜ğŸ˜˜ğŸ˜˜ğŸ˜˜ğŸ˜˜ğŸ˜˜ğŸ˜˜ğŸ˜˜ğŸ˜˜ğŸ˜˜â¤ï¸â¤ï¸â¤ï¸â¤ï¸â¤ï¸â¤ï¸â¤ï¸â¤ï¸â¤ï¸â¤ï¸ğŸ˜˜ğŸ˜˜ğŸ˜˜ğŸ˜˜ğŸ˜˜ğŸ˜˜ğŸ˜˜ğŸ˜˜ğŸ˜˜ğŸ˜˜,positive
raya haji pulağŸ˜‚,positive
",n 9,6. .ljjjjlnmbnmmm b",neutral
Indonesia,neutral
8/6/2025,neutral
trlayan sgt lagu ni...baru dgr tahun ni punya lagu...,neutral
"6 jun 2025 dalam lori dengar lagu ni,.jam 11.47 selamat hari raya Aidiladha",neutral
Geng 6.6.25 . Xprnah jemu,neutral
Yamaha RXZ musuh Ketat Suzuki Gamma 170..ğŸ‰ğŸ˜‚â¤,positive
Sedap nye lagu ni â¤ğŸ˜Š,positive
good,positive
Lagu raya 2017 ni smtg else do vibes dia..,neutral
"Aku punya ingat lagu baru,sebab asyik ulang kat radio Suria, rupanya lagu lama dah,besttt",neutral
10 mei 2025 Masih dgr lagu ni ğŸ˜…,positive
Sumpah sedap sangat lagu ni aku rate inviniti ğŸ˜ŠğŸ˜Š,positive
Best lagu dato siti â¤,positive
SEHLAMAT RAYA EE AIDIL ADHA..ğŸ‰ğŸ˜‚â¤,positive
"Siti Nurhaliza is the best, cantik dan semua lagunya sangat enak didengar.",positive
Halo maaf telat,neutral
"Beratus Kali aku ulng tak bosan"" musik dia meyntuh kalbuğŸ˜¢",negative
Salam 25 Syawal 1446,neutral
2025 hadir,neutral
Hahaha,positive
â¤,positive
Semoga aja aku ga sendiri komen kesini tahun ini,neutral
"Lebarannya baru dua bulan, udah mau lebaran lagi nih hatikuuğŸ˜‚",positive
â¤â¤â¤,positive
Saya dari 2045ğŸ˜‚ğŸ˜‚ğŸ˜‚,positive
Zaman nostalgia zaman kecik2 dulu2ğŸ¥°,positive
Saya dengar lagu raya ni teringat sesuatu ğŸ¥ºğŸ¥ºğŸ¥ºğŸ¥ºğŸ¥ºğŸ¥ºğŸ¥ºğŸ¥ºğŸ¥ºğŸ¥º,neutral
May 2025ğŸ˜…,positive
2025 anyone ?,neutral
Kesini kerana versinya upin ipin,neutral
Indonesia hadiiiirrr....elok nian lagu tetangga ini....suka...suka....sukaaa......ğŸ¥°ğŸ¥°ğŸ¥°,positive
Lagu nya bikin anakÂ² rantau sedih,neutral
"When I was young her I loved to listen this song, although Iâ€™m not Muslim, I was living in Singapore and a few neighbors listen this song certain times of the yearâ¤",positive
ğŸ‰ğŸ‰,positive
Lebaran udh lewst tapi anak saya masih aja nyanyiin lagu iniğŸ˜‚ğŸ˜‚ğŸ˜‚ğŸ˜‚,positive
Salam dari seremban n.sembilan Malaysia,neutral
ğŸ˜Š,positive
â¤ğŸ‰â¤ğŸ‰â¤â¤ğŸ‰â¤ğŸ‰ğŸ‰â¤ğŸ‰,positive
"We only have 1 day left before syawal ends, this is my last I would hear before bulan syawal leaves. We will see you again you in next yearğŸ˜­",negative
Dhvwj,neutral
hii,neutral
"Saya umur 8 tahun, rumah x der bekalan elektrik...so, tak tau pon org beraya mcmn. Tgk TV pon sebulan sekali... tumpang rumah jiran...",neutral
Zaman saya tu.... baru umur 15 tahun.... tingkatan dua....dulu baju raya tidak sedondon macam zaman sekarang....,neutral
"Lagu best zaman berzaman dan tak pernah jemu mendengar lagu ni. Baru tahu siapa penyanyi asal, tahniah kpd akk berdua dah menghiburkan kamiğŸ˜„ğŸ™terima kasih kpd yg mencipta lagu ni, lagu ini sangat mengamit memoriğŸ˜Š",positive
Tabby â¤,positive
"Musician memamg mantap, bunyi drum mantap ğŸ‘ğŸ‘ğŸ‘ğŸ‘ğŸ‘",neutral
"Baju pink tu memang mantop, lawo bodyâ¤",positive
Shasha yg paling ok suaranya.,positive
"Tabby,sabroza,Angel& Syasya..",neutral
best nyaa,positive
ğŸ¤©,neutral
Lagu raya yg ini dlam igatan ku..buat aku rindu msa2 raya yg lalu..,neutral
evergreen song... 25 april 2025 comment.. ğŸ˜‰ğŸ˜‰ â¤â¤â¤,positive
"Rindunyaaa zmn2 dulu..raya best zmn2 dulu..zmn x dak.gadjet bagai.. smua fokus borak2, gelak2 ramai.. happynya zmn2 dulu.. skrg x sama dah..hurm..",positive
"Diba AA ke teww..? Tak kot, tu pembaca berita TV3 kot..",neutral
Dari dulu lagi saya nak tanya. Yang pakcik pakai baju raya ungu tu Abdillah keğŸ¤”ğŸ¤”ğŸ—¿,neutral
"lagu zmn aku zmn kanank2 90an time nk raya,mengamit kenangan dgr lagu ni,meriah raya tu rasa dgr lagu ni zmn kanak2 dulu",neutral
Selamat hari raya 1 Syawal 2025....,neutral
Datuk Jamal Abdillah,neutral
Rohana jalil lagend,neutral
syarifah di singkirkan lagi.. tiada tempat lagi. Kesian.,neutral
Kenapa lagu ni x jd mv untuk tv 3..; dari pop pop raya ğŸ˜‚,positive
Suara Delisha sdp..x sangka u sound good,positive
2025 br jmpa lagu sdp nie,neutral
Kenapa baru saya tahu ni lagu raya...padahal tahun lepas lagi..best lagu niğŸ˜…,positive
Dayang GOLDEN VOICE!!,neutral
Lagu best utk hari raya. Tp underate.. Lagu raya 2025 lain maciam.. X feel. Syg lagu *RAYA TERBAIK* view kurang.. BEST LAGU NI,positive
Alhamdulillah...Tahniah lagu ini mcapai 1M..â¤dyg..hannah & sophia,neutral
Cari lagu untuk gambar di socmed ternampak nama 'Hannah Delisha' terus nak dengar..Dengar sekali terus jadi suka...ğŸ’šâœ…..Rasa seronok dan beri semangat nak beraya..,positive
Pesal x naik lagu ni.. patut keluar awal la mv ni,neutral
"Baru tahu lagu ni di tv tadi..cari punya cari rupanya dayang,hannah dan sophie yg nyanyi...sedap giler wpun baru tahun skrg huhuhuâ¤â¤â¤",positive
esok 07/06/2025 dh raya haji masih dengar lagu niğŸ˜¢ğŸ˜¢ğŸ˜¢ rindu arwah abahğŸ˜­ğŸ˜­ btw harini harijadi sayaâ¤,negative
Raya Haji pun dengar ni Apak,neutral
harap apak bukak la bangle dengan rantai tu.,neutral
Sedap lagu ni siok d dengar,neutral
Raya Senang Hati..ğŸ‰ğŸ˜‚â¤,positive
Tetiba terdengar2 lagu ni... terus ke mari.,neutral
ğŸ˜®saya dengar,neutral
Lepas habis raya pun aku dengar sampai nk masuk raya haji dh nie ğŸ˜‚ğŸ˜‚ğŸ˜‚,positive
Raya dah Habis Masih tengok ğŸ˜†ğŸ˜Š,positive
Rindunya melhat mereka bersatu kembali,neutral
"Dengarkan semua lagu raya SIAR 
https://youtube.com/playlist?list=PL2JTbJDfKPpkXo3344HgJFex9OSSwtmhV&si=79qnHF_SmwO-_6NQ",neutral
Guitarist tu yg terbaik,neutral
Mmg sempoi la kalu arwah DAJ msti bangga,neutral
Terbaikk,neutral
KotaBharu hadir...,neutral
lagu raya dah ok dah dah tapi yang main gitar tu tak sesuai betul nampak lutut. apa pun lagu ni memang tak luput dek zaman,positive
"Berbaju merah jambu
Berkain songket biru
Dengan senyum ketawa
Tanda pagi hari raya

Berkunjung rumah taulan
Menghibur hati rawan
Berjabat-jabat tangan
Bermuram jangan

C/O

Bila hari raya pun tiba
Suasana menjadi riang
Dunia jadi terang

Bila hari raya pun tiba
Sini sana takbir bergema
Memuji yang Esa

Bermacam kuih lazat
Rendang serta ketupat
Hidangan hari raya

Hari mulia",neutral
Salah seorg geng barkoba juga niğŸ˜‚,positive
"yasin oh yasin,walaupun ko dh kantoi kn pak jabit denagn bendi 2 batng,tp ko nyanyi mmg sdp...hehhehehe",neutral
Kena nyanyi kat warung pak jabit ni baru ngamğŸ˜‚,positive
"Fans of Uji Rashid and Hail Amir? Jom, check this out : https://www.youtube.com/watch?v=yTPJAikyYkk",positive
Selamat pagi salam sejahtera n salam ceria n salam bahagia selalu..layan lagu raya mantap n terhibur....,neutral
Kembali ğŸ‰lagi salam Aidiladha 2025,positive
Uji rashid asal SABAH,neutral
Kalau boleh tau lagu ini tahun berapa,neutral
ni bkn vd ori kanğŸ˜¢lip sync je kan,negative
"kalau lagu raya.. tak payah beriya ""sape masih dengar di tahun 2080 ni?.. mmg tiap2 tahun akan org dengar lagu raya lama-lama ni..",neutral
Tahun 2025 13 April hadir,neutral
Lagu dulu lagi merdu,neutral
Salam Aidilfitri ğŸ‰-11-.....(mac2025),positive
"arwah ayah meninggal masa raya haji 2022.sejak dri tu, raya kami adik beradik tak semeriah dulu lagi-lagi raya haji ..",neutral
Kita sedekah Kpd Allahyarham S.Jibeng Al-Fatihah semuga ditempatkan orang yg soleh Amin yra,neutral
Psbhudhb,neutral
Lagi best,positive
Psbdhbdhubdbbdhujdb,neutral
PdbdhubhdbnbshubhsbhbdgğŸ˜Šsbkdhubhhdhkb,positive
Pdbshbsuhnbbdhkdbhudbhndhbdnhishbknhdhbnhbshbkdhbuhkdhbndhmnvhkjsyudhbghkbbsgkbfdhdbhibkhdhjhu,neutral
Pqsbhdhubhsh,neutral
Pdbshbudhbduhb,neutral
Siapa yang dengar lagu ini 2025ğŸ˜‚ğŸ˜‚,positive
à¸‚à¸¡à¸•à¹ˆ73à¹€à¸ˆà¹€à¹„à¸ˆ,neutral
Best lak lagu versi thailand,positive
ğ™»ğš˜ğšŸğš ğš’ğš,neutral
Salam serumpun,neutral
"deuan romadon sin sud long nai wan nii,
rau yin dii im jai bak baan,
faa rung-saang tÅnrab deuan shaa waan,
rau suksan haa ri raa yaa,
ruam chalan-chalong sa laam to kan ,
beng pan ro yim la khwaam huang yai,
thii pham maa phlaad-phlaang rau hai-a-phaay,
duay jai dua rak duak khwaam phuk phan,
i-dil titri khue haa rii raa yaa,
ro khoi maa sukjai dang fan,
wan dii-dii thii phii nong phrom naa kan,
rau suksan haa rii raa yaa,
ruam chalam-chalonv sa laam to kan,
beng pan yim le khwaam huang yai,
thii phan maa phlaad-phlaang rau ha-a-phaay,
duay jai duay rak duay khwaam phuk phan,
thong faa phong am phai,
rau maa ruam reng ruam jai,
tham ka-tu-phat la rendang wayi la dodol,
khanom aroy thuk jai,
chim pai yim pai,
mai waa baan nai nai ko mii hai long lim,
khrai yang pen dek noi,
yuen khoi naa aa,
lung paa we maa yuen song thang hai r
ang-wan,
baan yaa kaad dii-dii,
mai mii khwaam thuk jai,
rau tnh hai-a-phaay ma-af hai ke kan",negative
Pergi mampooosss,neutral
Malaysia memang raja pengeluar lagu2 raya...negara xde yeâ¤â¤â¤,positive
"Mana yg dok hina melayu malaysia tenguk sendiri video pegulas ustaz ni... Melayu indon hanya suku sahaja..
https://youtu.be/NNQoaFUFUE4",neutral
Ini lagu Indo ni,neutral
"SALAM AIDILFITRI 2023 IKHWANUL MUSLIMIN DAN SAHABAT-HANDAI DI THAILAND MAAF ZAHIR BATIN DARIPADA SAYA KAMI DI SINI ( KRAB )
ğŸ˜Š",positive
ğŸ˜®ğŸ˜®ğŸ˜®ğŸ˜®ğŸ˜®ğŸ˜®ğŸ˜®ğŸ˜®ğŸ˜®,neutral
Siapa dengar tahun 03/06/2025ğŸ˜Š,positive
Nak sambut Aidiladha dah,neutral
PUTERI LIZA BTE SEJILI YG NYANYI,neutral
Belah kiri baju kuning tu Ira Kazar ke?,neutral
Ternyata kata â€œLebaranâ€ juga dipake di malaysia ya?,neutral
Lagu raya malaysia sentiasa evergreen,neutral
Idul Fitri 2025,neutral
Masih mendengar di 2029. ğŸ˜®ğŸ˜®,neutral
Lebaran/Hari raya Idul Fitri 1446 H/ 2025 M.....bergema lagi lagu ini di media sosial....memang sangat enak didengar....salam sesama Rumpun Melayu.,neutral
â¤Fireâ¤,positive
â¤â¤ğŸ‰ğŸ‰ğŸ˜Š,positive
2025 hadirğŸ¥¹,neutral
"Salam Aidilfitri, Selamat Hari Raya 2025ğŸ‰ğŸ‰ğŸ‰ğŸ‰",positive
Lagu raya yg simple tp best!! ğŸ«°ğŸ»,positive
rindu najwa latiff,neutral
Ada ketenangan bila dgr lagu ni...dah 2025..sapa setuju???,neutral
2:10,neutral
Selamat hari raya Aidilfitri maaf zahir dan batin 2025,neutral
The best modern raya song,positive
â¤Fireâ¤,positive
â¤â¤ğŸ‰ğŸ‰ğŸ˜Š,positive
2025 hadirğŸ¥¹,neutral
"Salam Aidilfitri, Selamat Hari Raya 2025ğŸ‰ğŸ‰ğŸ‰ğŸ‰",positive
Lagu raya yg simple tp best!! ğŸ«°ğŸ»,positive
rindu najwa latiff,neutral
Ada ketenangan bila dgr lagu ni...dah 2025..sapa setuju???,neutral
2:10,neutral
Selamat hari raya Aidilfitri maaf zahir dan batin 2025,neutral
The best modern raya song,positive
esok 07/06/2025 dh raya haji masih dengar lagu niğŸ˜¢ğŸ˜¢ğŸ˜¢ rindu arwah abahğŸ˜­ğŸ˜­ btw harini harijadi sayaâ¤,negative
Raya Haji pun dengar ni Apak,neutral
harap apak bukak la bangle dengan rantai tu.,neutral
Sedap lagu ni siok d dengar,neutral
Raya Senang Hati..ğŸ‰ğŸ˜‚â¤,positive
Tetiba terdengar2 lagu ni... terus ke mari.,neutral
ğŸ˜®saya dengar,neutral
Lepas habis raya pun aku dengar sampai nk masuk raya haji dh nie ğŸ˜‚ğŸ˜‚ğŸ˜‚,positive
Raya dah Habis Masih tengok ğŸ˜†ğŸ˜Š,positive
Rindunya melhat mereka bersatu kembali,neutral
Lagu baru raya 2023 ğŸ˜˜ : https://youtu.be/A2idwSQRXZ4,positive
Rindu raya 2022 rindu budak Sabah,neutral
Raiyanâ¤you,neutral
Selamat hari raya aidiladhağŸ˜ŠğŸ˜Š,positive
Raya Aidiladha 2025 pada 07.06.2025 pun nak dekat,neutral
"g
ğŸ˜ŠğŸ˜ŠğŸ˜ŠğŸ˜ŠğŸ˜ŠğŸ˜ŠğŸ˜Š",positive
Aku sorang jeke tengok bulan mei sampai oktober??,neutral
2025ğŸ‰ğŸ‰ğŸ‰ğŸ‰ğŸ‰ğŸ‰ğŸ‰ğŸ‰ğŸ‰ğŸ‰ğŸ‰ğŸ‰ğŸ‰ğŸ‰ğŸ‰ğŸ‰ğŸ‰ğŸ‰ğŸ‰ğŸ‰ğŸ‰â¤â¤â¤â¤,positive
goog,neutral
Selamat hari raya kak,neutral
"Saya umur 8 tahun, rumah x der bekalan elektrik...so, tak tau pon org beraya mcmn. Tgk TV pon sebulan sekali... tumpang rumah jiran...",neutral
Zaman saya tu.... baru umur 15 tahun.... tingkatan dua....dulu baju raya tidak sedondon macam zaman sekarang....,neutral
"Lagu best zaman berzaman dan tak pernah jemu mendengar lagu ni. Baru tahu siapa penyanyi asal, tahniah kpd akk berdua dah menghiburkan kamiğŸ˜„ğŸ™terima kasih kpd yg mencipta lagu ni, lagu ini sangat mengamit memoriğŸ˜Š",positive
Tabby â¤,positive
"Musician memamg mantap, bunyi drum mantap ğŸ‘ğŸ‘ğŸ‘ğŸ‘ğŸ‘",neutral
"Baju pink tu memang mantop, lawo bodyâ¤",positive
Shasha yg paling ok suaranya.,positive
"Tabby,sabroza,Angel& Syasya..",neutral
best nyaa,positive
ğŸ¤©,neutral
"selamat hari raya aidiladha 
10 zulhijjah 1446H
lagu ni mmg sesuai dgn raya korban",neutral
Legend tul dia ni,neutral
"Suara nya ni .. tahun 2025
â¤â¤â¤â¤â¤â¤â¤â¤â¤â¤â¤â¤â¤â¤â¤â¤â¤â¤â¤â¤",positive
Datang dari video Khir rahman .. 2025,neutral
Bestnyaaa lagu raya siti yg ni.. â¤â¤â¤,positive
Salam 25 Syawal 1446,neutral
Lagu nya sangat menginspirasi .Jd damai hati yg terluka.fiks aku sndri yg 2025 bulan ini kayak nya yg nnton,neutral
"Banyak2 lagu masa puasa,atau nk kemas rmh,klu x mood,lagu2 ct juga jd pilihan,supaya ada moodğŸ˜‚lgu yg bru2 tu,masa raya la bru ngam,tp apa2 pn,lagu lama2 juga pujahan hateyâ¤love sgt,sbb lagu2 tu semua sya membesr dgn lgu tu,bnyk memori seiring dgn nyağŸ˜¢",negative
Merdu betul suara Dato CT. Best lagu ni ada campur lama dan tradisional. Barakallahu feekum,positive
"Lpas tahu khir rahman komposer lagu ni dan beliau menyanyikan lagu ni baru aq tahu bahawasa lgu ni memang betulÂ² sedap sebelumÂ² ni biasaÂ² je dengar... ğŸ˜‚sebelum ni time raya, dari jauh kupohon maaf, suasana hari raya, menjelang hari raya, pulanglahh, selamat hari raya, seloka hari raya, ku pohon restu ayah bonda",negative
Semoga semua yg komen disini diampunkn dosa2 ibu kita ditempatkn dikalangan org2 yg soleh Aamin..,neutral
ğŸ˜®ğŸ˜®ğŸ˜®ğŸ˜®ğŸ˜®ğŸ˜®,neutral
dengar sebab  nak raya haji sabtu ni jer 7hb6/2025 ğŸ˜‚..,positive
Nak Raya Haji Dah ğŸ˜…,positive
Bila mak dah takde baru terasa menusuk lagu ni.. sebelumÂ² ni biasaÂ² je tp sekarang ğŸ˜¢ğŸ˜¢ğŸ˜¢ Al - Fatihah mak Mariani Binti Mat ğŸ˜¢,negative
ğŸ˜­ğŸ˜­ğŸ˜­ğŸ˜­ğŸ˜­ rindu arwah mak..,negative
Baru perasan wujud lagu ni tahun ni..sedih pula..Alhamdulilah masih punya ibu. Buat yg telah pergi. Al-fatihah,neutral
lagu ni best. dok dengr time event best pulok,positive
1st time dengar lagu raya ni ditik tok Ella Furniture 2025 trus tersuka saya dibuatnyaâ¤,positive
2026 like,positive
Kenapa lagu ni x jd mv untuk tv 3..; dari pop pop raya ğŸ˜‚,positive
Suara Delisha sdp..x sangka u sound good,positive
2025 br jmpa lagu sdp nie,neutral
Kenapa baru saya tahu ni lagu raya...padahal tahun lepas lagi..best lagu niğŸ˜…,positive
Dayang GOLDEN VOICE!!,neutral
Lagu best utk hari raya. Tp underate.. Lagu raya 2025 lain maciam.. X feel. Syg lagu *RAYA TERBAIK* view kurang.. BEST LAGU NI,positive
Alhamdulillah...Tahniah lagu ini mcapai 1M..â¤dyg..hannah & sophia,neutral
Cari lagu untuk gambar di socmed ternampak nama 'Hannah Delisha' terus nak dengar..Dengar sekali terus jadi suka...ğŸ’šâœ…..Rasa seronok dan beri semangat nak beraya..,positive
Pesal x naik lagu ni.. patut keluar awal la mv ni,neutral
"Baru tahu lagu ni di tv tadi..cari punya cari rupanya dayang,hannah dan sophie yg nyanyi...sedap giler wpun baru tahun skrg huhuhuâ¤â¤â¤",positive
"First I heard this without seeing the visual, then I am surprised when I realised this song is performed by a male singer ğŸ˜‚",positive
GhsjhdkdjffjgkdsndjdjjdkeğŸ˜Šâ¤â¤jfgk GJ fj,positive
TUHAN MENGBERKATiğŸŒ™,neutral
Ustaz marah hang aku tak Tau la umat manusia hahahah,neutral
Nanti raya aidaha pula  kita kena koban lembu ğŸ‰,positive
0:45 sukalahhh,neutral
â¤â¤â¤â¤â¤â¤â¤â¤â¤â¤ğŸ˜˜ğŸ˜˜ğŸ˜˜ğŸ˜˜ğŸ˜˜ğŸ˜˜ğŸ˜˜ğŸ˜˜ğŸ˜˜ğŸ˜˜â¤ï¸â¤ï¸â¤ï¸â¤ï¸â¤ï¸â¤ï¸â¤ï¸â¤ï¸â¤ï¸â¤ï¸ğŸ˜˜ğŸ˜˜ğŸ˜˜ğŸ˜˜ğŸ˜˜ğŸ˜˜ğŸ˜˜ğŸ˜˜ğŸ˜˜ğŸ˜˜â¤ï¸â¤ï¸â¤ï¸â¤ï¸â¤ï¸â¤ï¸â¤ï¸â¤ï¸â¤ï¸â¤ï¸ğŸ˜˜ğŸ˜˜ğŸ˜˜ğŸ˜˜ğŸ˜˜ğŸ˜˜ğŸ˜˜ğŸ˜˜ğŸ˜˜ğŸ˜˜,positive
raya haji pulağŸ˜‚,positive
",n 9,6. .ljjjjlnmbnmmm b",neutral
Indonesia,neutral
Sangat sukeeeee lagu ini â¤â¤,positive
IBNU ARASY DZIKRULLAH ALLAHU AKBAR AL-DOA EXIST BEFORE END DAY OR DOOMSDAY AMIN YA RABBAL ALAMIN INSYA-ALLAH ALLAHU AKBAR,negative
"Syoklah yang masih punyai ibu bapa,ğŸ‘ˆğŸ˜ŸğŸ˜ŸğŸ˜Ÿ",negative
"Tengoklah tu anak anak yatim piatu, ğŸ‘ˆğŸ˜ŸğŸ˜Ÿ",negative
Saya!!!,neutral
"Pelakon HangTuah di Film Putri Gunung Ledang....sehat2 selalu Datuk Muhammad Nasir..Baarakallahufik
7 Juni 2025â¤",positive
2025 â¤â¤,positive
Siapa mendengar lagu ni 1/6/2025,neutral
"mkhluk no ,only God",negative
yg membuka pintu kebahagiaan ialah Allah,neutral
Sumpah sedap sangat lagu ni aku rate inviniti ğŸ˜ŠğŸ˜Š,positive
Best lagu dato siti â¤,positive
SEHLAMAT RAYA EE AIDIL ADHA..ğŸ‰ğŸ˜‚â¤,positive
"Siti Nurhaliza is the best, cantik dan semua lagunya sangat enak didengar.",positive
Halo maaf telat,neutral
"Beratus Kali aku ulng tak bosan"" musik dia meyntuh kalbuğŸ˜¢",negative
Salam 25 Syawal 1446,neutral
2025 hadir,neutral
Hahaha,positive
â¤,positive
"SATU SATUNYA LAGU RAYA TANPA IKLAN
LIKE, SUBSCRIBE DAN SHARE",positive
https://www.youtube.com/playlist?list=PLocRKAlJpuuSZXhPiBwBra6Kt2mpm7Goi,neutral
"Raya haji radio tak rancak dengan lagu raya so datang sini la..nak ambik mood diağŸ˜Š
Salam Eidul Adha...1446",positive
Lagu raya kepulangan yang di nanti rakaman thn 1983 evergrin  ini antara lagu raya yang saya minati  ğŸ˜‚ğŸ˜ŠğŸ˜Š kpd peminat peminat lagu lagu raya semua slmt menyambut hari raya Aidil Adha kira beberapa hari lagi â¤ â¤,positive
Ambil mood raya haji pun nak dekat,neutral
Raya Aidiladha 2025 pada 07.06.2025 pun nak dekat,neutral
Harini 28/4/2025 @ 29 SYAWAL 1446 sape dah hujung SYAWAL masih layan lagu Raye ?,neutral
Selamat Hari Raya 26hb April 2025â¤ğŸ‰â¤syawal minggu terakhir,positive
23 syawal 1446,neutral
Best lagu2 rayanya.Selamat Hari Raya Aidilfitri kpd semua umat Islam.,positive
esok 07/06/2025 dh raya haji masih dengar lagu niğŸ˜¢ğŸ˜¢ğŸ˜¢ rindu arwah abahğŸ˜­ğŸ˜­ btw harini harijadi sayaâ¤,negative
Raya Haji pun dengar ni Apak,neutral
harap apak bukak la bangle dengan rantai tu.,neutral
Sedap lagu ni siok d dengar,neutral
Raya Senang Hati..ğŸ‰ğŸ˜‚â¤,positive
Tetiba terdengar2 lagu ni... terus ke mari.,neutral
ğŸ˜®saya dengar,neutral
Lepas habis raya pun aku dengar sampai nk masuk raya haji dh nie ğŸ˜‚ğŸ˜‚ğŸ˜‚,positive
Raya dah Habis Masih tengok ğŸ˜†ğŸ˜Š,positive
Rindunya melhat mereka bersatu kembali,neutral
Lagu nya bikin anakÂ² rantau sedih,neutral
"When I was young her I loved to listen this song, although Iâ€™m not Muslim, I was living in Singapore and a few neighbors listen this song certain times of the yearâ¤",positive
ğŸ‰ğŸ‰,positive
Lebaran udh lewst tapi anak saya masih aja nyanyiin lagu iniğŸ˜‚ğŸ˜‚ğŸ˜‚ğŸ˜‚,positive
Salam dari seremban n.sembilan Malaysia,neutral
ğŸ˜Š,positive
â¤ğŸ‰â¤ğŸ‰â¤â¤ğŸ‰â¤ğŸ‰ğŸ‰â¤ğŸ‰,positive
"We only have 1 day left before syawal ends, this is my last I would hear before bulan syawal leaves. We will see you again you in next yearğŸ˜­",negative
Dhvwj,neutral
hii,neutral
"selamat hari raya aidiladha 
10 zulhijjah 1446H
lagu ni mmg sesuai dgn raya korban",neutral
Legend tul dia ni,neutral
"Suara nya ni .. tahun 2025
â¤â¤â¤â¤â¤â¤â¤â¤â¤â¤â¤â¤â¤â¤â¤â¤â¤â¤â¤â¤",positive
Datang dari video Khir rahman .. 2025,neutral
Bestnyaaa lagu raya siti yg ni.. â¤â¤â¤,positive
Salam 25 Syawal 1446,neutral
Lagu nya sangat menginspirasi .Jd damai hati yg terluka.fiks aku sndri yg 2025 bulan ini kayak nya yg nnton,neutral
"Banyak2 lagu masa puasa,atau nk kemas rmh,klu x mood,lagu2 ct juga jd pilihan,supaya ada moodğŸ˜‚lgu yg bru2 tu,masa raya la bru ngam,tp apa2 pn,lagu lama2 juga pujahan hateyâ¤love sgt,sbb lagu2 tu semua sya membesr dgn lgu tu,bnyk memori seiring dgn nyağŸ˜¢",negative
Merdu betul suara Dato CT. Best lagu ni ada campur lama dan tradisional. Barakallahu feekum,positive
8/6/2025,neutral
"First I heard this without seeing the visual, then I am surprised when I realised this song is performed by a male singer ğŸ˜‚",positive
GhsjhdkdjffjgkdsndjdjjdkeğŸ˜Šâ¤â¤jfgk GJ fj,positive
TUHAN MENGBERKATiğŸŒ™,neutral
Ustaz marah hang aku tak Tau la umat manusia hahahah,neutral
Nanti raya aidaha pula  kita kena koban lembu ğŸ‰,positive
0:45 sukalahhh,neutral
â¤â¤â¤â¤â¤â¤â¤â¤â¤â¤ğŸ˜˜ğŸ˜˜ğŸ˜˜ğŸ˜˜ğŸ˜˜ğŸ˜˜ğŸ˜˜ğŸ˜˜ğŸ˜˜ğŸ˜˜â¤ï¸â¤ï¸â¤ï¸â¤ï¸â¤ï¸â¤ï¸â¤ï¸â¤ï¸â¤ï¸â¤ï¸ğŸ˜˜ğŸ˜˜ğŸ˜˜ğŸ˜˜ğŸ˜˜ğŸ˜˜ğŸ˜˜ğŸ˜˜ğŸ˜˜ğŸ˜˜â¤ï¸â¤ï¸â¤ï¸â¤ï¸â¤ï¸â¤ï¸â¤ï¸â¤ï¸â¤ï¸â¤ï¸ğŸ˜˜ğŸ˜˜ğŸ˜˜ğŸ˜˜ğŸ˜˜ğŸ˜˜ğŸ˜˜ğŸ˜˜ğŸ˜˜ğŸ˜˜,positive
raya haji pulağŸ˜‚,positive
",n 9,6. .ljjjjlnmbnmmm b",neutral
Indonesia,neutral
"Fans of Uji Rashid and Hail Amir? Jom, check this out : https://www.youtube.com/watch?v=yTPJAikyYkk",positive
Selamat pagi salam sejahtera n salam ceria n salam bahagia selalu..layan lagu raya mantap n terhibur....,neutral
Kembali ğŸ‰lagi salam Aidiladha 2025,positive
Uji rashid asal SABAH,neutral
Kalau boleh tau lagu ini tahun berapa,neutral
ni bkn vd ori kanğŸ˜¢lip sync je kan,negative
"kalau lagu raya.. tak payah beriya ""sape masih dengar di tahun 2080 ni?.. mmg tiap2 tahun akan org dengar lagu raya lama-lama ni..",neutral
Tahun 2025 13 April hadir,neutral
Lagu dulu lagi merdu,neutral
Salam Aidilfitri ğŸ‰-11-.....(mac2025),positive
"arwah ayah meninggal masa raya haji 2022.sejak dri tu, raya kami adik beradik tak semeriah dulu lagi-lagi raya haji ..",neutral
Kita sedekah Kpd Allahyarham S.Jibeng Al-Fatihah semuga ditempatkan orang yg soleh Amin yra,neutral
Psbhudhb,neutral
Lagi best,positive
Psbdhbdhubdbbdhujdb,neutral
PdbdhubhdbnbshubhsbhbdgğŸ˜Šsbkdhubhhdhkb,positive
Pdbshbsuhnbbdhkdbhudbhndhbdnhishbknhdhbnhbshbkdhbuhkdhbndhmnvhkjsyudhbghkbbsgkbfdhdbhibkhdhjhu,neutral
Pqsbhdhubhsh,neutral
Pdbshbudhbduhb,neutral
Siapa yang dengar lagu ini 2025ğŸ˜‚ğŸ˜‚,positive
Lagu raya yg ini dlam igatan ku..buat aku rindu msa2 raya yg lalu..,neutral
evergreen song... 25 april 2025 comment.. ğŸ˜‰ğŸ˜‰ â¤â¤â¤,positive
"Rindunyaaa zmn2 dulu..raya best zmn2 dulu..zmn x dak.gadjet bagai.. smua fokus borak2, gelak2 ramai.. happynya zmn2 dulu.. skrg x sama dah..hurm..",positive
"Diba AA ke teww..? Tak kot, tu pembaca berita TV3 kot..",neutral
Dari dulu lagi saya nak tanya. Yang pakcik pakai baju raya ungu tu Abdillah keğŸ¤”ğŸ¤”ğŸ—¿,neutral
"lagu zmn aku zmn kanank2 90an time nk raya,mengamit kenangan dgr lagu ni,meriah raya tu rasa dgr lagu ni zmn kanak2 dulu",neutral
Selamat hari raya 1 Syawal 2025....,neutral
Datuk Jamal Abdillah,neutral
Rohana jalil lagend,neutral
syarifah di singkirkan lagi.. tiada tempat lagi. Kesian.,neutral
"hari raya tahun 2017 ,masa tu arwah emak pun ada lg. Emak pergi ke alam abadi pd 18 /4/2025 keadaan semua berubah segenap sudut. ğŸ˜¢",negative
Jin Penghalang Jodoh Musim Ke 6,neutral
The Store,neutral
Mail ğŸ˜‚ğŸ˜‚,positive
April 2025 ğŸ‰ Hadir ğŸ‘‹ğŸ»ğŸ‘‹ğŸ»ğŸ‘‹ğŸ»,positive
tak tau pulak rizky febian nyanyi lagu rayağŸ˜‚,positive
Dah 2025 ğŸ‰ğŸ‰,positive
2025 aprill,neutral
aku sorang je ke datang dari 2077,neutral
ğŸ˜®ğŸ˜®ğŸ˜®ğŸ˜®ğŸ˜®ğŸ˜®ğŸ˜®ğŸ˜®ğŸ˜®,neutral
Siapa dengar tahun 03/06/2025ğŸ˜Š,positive
Nak sambut Aidiladha dah,neutral
PUTERI LIZA BTE SEJILI YG NYANYI,neutral
Belah kiri baju kuning tu Ira Kazar ke?,neutral
Ternyata kata â€œLebaranâ€ juga dipake di malaysia ya?,neutral
Lagu raya malaysia sentiasa evergreen,neutral
Idul Fitri 2025,neutral
Masih mendengar di 2029. ğŸ˜®ğŸ˜®,neutral
HÃ ti manusia berbiza2,neutral
Lagu baru raya 2023 ğŸ˜˜ : https://youtu.be/A2idwSQRXZ4,positive
Rindu raya 2022 rindu budak Sabah,neutral
Raiyanâ¤you,neutral
Selamat hari raya aidiladhağŸ˜ŠğŸ˜Š,positive
Raya Aidiladha 2025 pada 07.06.2025 pun nak dekat,neutral
"g
ğŸ˜ŠğŸ˜ŠğŸ˜ŠğŸ˜ŠğŸ˜ŠğŸ˜ŠğŸ˜Š",positive
Aku sorang jeke tengok bulan mei sampai oktober??,neutral
2025ğŸ‰ğŸ‰ğŸ‰ğŸ‰ğŸ‰ğŸ‰ğŸ‰ğŸ‰ğŸ‰ğŸ‰ğŸ‰ğŸ‰ğŸ‰ğŸ‰ğŸ‰ğŸ‰ğŸ‰ğŸ‰ğŸ‰ğŸ‰ğŸ‰â¤â¤â¤â¤,positive
goog,neutral
Selamat hari raya kak,neutral
Kenapa lagu ni x jd mv untuk tv 3..; dari pop pop raya ğŸ˜‚,positive
Suara Delisha sdp..x sangka u sound good,positive
2025 br jmpa lagu sdp nie,neutral
Kenapa baru saya tahu ni lagu raya...padahal tahun lepas lagi..best lagu niğŸ˜…,positive
Dayang GOLDEN VOICE!!,neutral
Lagu best utk hari raya. Tp underate.. Lagu raya 2025 lain maciam.. X feel. Syg lagu *RAYA TERBAIK* view kurang.. BEST LAGU NI,positive
Alhamdulillah...Tahniah lagu ini mcapai 1M..â¤dyg..hannah & sophia,neutral
Cari lagu untuk gambar di socmed ternampak nama 'Hannah Delisha' terus nak dengar..Dengar sekali terus jadi suka...ğŸ’šâœ…..Rasa seronok dan beri semangat nak beraya..,positive
Pesal x naik lagu ni.. patut keluar awal la mv ni,neutral
"Baru tahu lagu ni di tv tadi..cari punya cari rupanya dayang,hannah dan sophie yg nyanyi...sedap giler wpun baru tahun skrg huhuhuâ¤â¤â¤",positive
Al Fatihah Bapa ğŸ˜­Tak Raya 7 Jun 2025,negative
Saya pon dengar jugakğŸ˜Š,positive
Tak sanggup ai dengar lagu ni karena kebetulan saje jdi ai mampir kat vt ni,neutral
"Ada sampai saat ini saya selalu dengarkan lagu ini teringat sama ayah dan ibu,Abang, nenek yang telah pergi ila jannatun",neutral
13 mei 2025,neutral
Ada yg masih mendengar ka 28 syawal 2025,neutral
Alahai pndai tokti bawak lagu ni dgn nada yg sedih pilu..itulah mahalnya suara emas siti nurhaliza â¤â¤,positive
Lebaran 2025,neutral
mantap lah lagu ini,neutral
"Teringat waktu bkerja di suatu tempat time bulan puasa, kt sbelah rumah pkerja tdgar hari2 warga perantau indonesia main lagu ni.",neutral
"arwah ayah meninggal masa raya haji 2022.sejak dri tu, raya kami adik beradik tak semeriah dulu lagi-lagi raya haji ..",neutral
Kita sedekah Kpd Allahyarham S.Jibeng Al-Fatihah semuga ditempatkan orang yg soleh Amin yra,neutral
Psbhudhb,neutral
Lagi best,positive
Psbdhbdhubdbbdhujdb,neutral
PdbdhubhdbnbshubhsbhbdgğŸ˜Šsbkdhubhhdhkb,positive
Pdbshbsuhnbbdhkdbhudbhndhbdnhishbknhdhbnhbshbkdhbuhkdhbndhmnvhkjsyudhbghkbbsgkbfdhdbhibkhdhjhu,neutral
Pqsbhdhubhsh,neutral
Pdbshbudhbduhb,neutral
Siapa yang dengar lagu ini 2025ğŸ˜‚ğŸ˜‚,positive
